{
  "ঢাকা": ["ধনমন্ডি", "গুলশান", "কাফরুল", "মিরপুর", "বনানী", "সাভার", "দোহার"],
  "চট্টগ্রাম": ["হাতিয়ারচর", "পটিয়া", "ফটিকছড়ি", "সীতাকুণ্ড", "রাউজান", "কর্ণফুলী"],
  "খুলনা": ["দিঘলিয়া", "সাতক্ষীরা সদর", "কলারোয়া", "রূপসা", "দিঘলিয়া"],
  "রাজশাহী": ["চাপাইনবাবগঞ্জ", "পবা", "তানোর", "গোবিন্দগঞ্জ"],
  "বরিশাল": ["বানারীপাড়া", "গৌরনদী", "মহেশখালী", "মুলাডুয়া"],
  "সিলেট": ["সিলেট সদর", "জাফলং", "বিআরপি", "কানাই"],
  "রংপুর": ["রংপুর সদর", "পীরগঞ্জ", "মিঠাপুকুর", "কুলিয়ারচর"],
  "ময়মনসিংহ": ["ময়মনসিংহ সদর", "ত্রিশাল", "হালুয়াঘাট"],
  "চাঁপাইনবাবগঞ্জ": ["চাঁপাইনবাবগঞ্জ সদর", "শিবগঞ্জ", "নাচোল"],
  "কুমিল্লা": ["কুমিল্লা সদর", "দাউদকান্দি", "ব্রাহ্মণপাড়া"],
  "কিশোরগঞ্জ": ["কিশোরগঞ্জ সদর", "ইটনা", "অক্কড়"],
  "বাগেরহাট": ["বাগেরহাট সদর", "ফুলবাড়ীয়া", "চট্টগ্রাম"],
  "যশোর": ["যশোর সদর", "শার্শা", "কেশবপুর"],
  "নওগাঁ": ["নওগাঁ সদর", "মনিয়ন্দী", "পাইলট"],
  "সিরাজগঞ্জ": ["সিরাজগঞ্জ সদর", "উল্লাপাড়া", "সদরপুর"],
  "পাবনা": ["পাবনা সদর", "সাঁথিয়া", "চাটমোহর"],
  "মাদারীপুর": ["মাদারীপুর সদর", "শিবচর", "কাঠালিয়"],
  "গাজীপুর": ["গাজীপুর সদর", "কালিয়াকৈর", "শ্রীপুর"],
  "নরসিংদী": ["নরসিংদী সদর", "পলাশ", "মনোহরদী"],
  "ফরিদপুর": ["ফরিদপুর সদর", "ভাঙ্গা", "চরভদ্রাসন"],
  "মেহেরপুর": ["মেহেরপুর সদর", "গাংনী", "মুজিবনগর"],
  "শরীয়তপুর": ["শরীয়তপুর সদর", "নরসিংহপুর", "জাগদল"],
  "পিরোজপুর": ["পিরোজপুর সদর", "মঠবাড়ীয়া", "নাজিরপুর"],
  "ঝালকাঠি": ["ঝালকাঠি সদর", "কলাপাড়া", "ঝালকাঠি সদর"],
  "ঝিনাইদহ": ["ঝিনাইদহ সদর", "কালীগঞ্জ", "কোটচাঁদপুর"],
  "চুয়াডাঙ্গা": ["চুয়াডাঙ্গা সদর", "দোহাট"],
  "নাটোর": ["নাটোর সদর", "সিংড়া", "বাগাতিপাড়া"],
  "সাতক্ষীরা": ["সাতক্ষীরা সদর", "কলারোয়া", "অদ্রা"],
  "ঝালকাঠি": ["ঝালকাঠি সদর", "কলাপাড়া", "ঝালকাঠি সদর"],
  "মাগুরা": ["মাগুরা সদর", "শালখা", "মহম্মদপুর"],
  "নড়াইল": ["নড়াইল সদর", "কলাবাগান", "লোহাগড়া"],
  "কুষ্টিয়া": ["কুষ্টিয়া সদর", "মিরপুর", "দৌলতপুর"],
  "ব্রাহ্মণবাড়ীয়া": ["ব্রাহ্মণবাড়ীয়া সদর", "নাসিরনগর", "কসবা"],
  "শেরপুর": ["শেরপুর সদর", "শ্রীবরদী", "ঝিনাইগাতী"],
  "মৌলভীবাজার": ["মৌলভীবাজার সদর", "কুলাউড়া", "রাজনগর"],
  "বান্দরবান": ["বান্দরবান সদর", "রুমা", "থাংচি"],
  "রাঙামাটি": ["রাঙামাটি সদর", "কাপ্তাই", "বিজয়পুর"],
  "খাগড়াছড়ি": ["খাগড়াছড়ি সদর", "মাহালছড়ি", "দিঘীনালা"],
  "ফেনী": ["ফেনী সদর", "ছাগলনাইয়া", "দাগনভূঁইয়া"],
  "লক্ষ্মীপুর": ["লক্ষ্মীপুর সদর", "রামগঞ্জ", "রায়পুর"],
  "নোয়াখালী": ["নোয়াখালী সদর", "চাটখিল", "বেগমগঞ্জ"],
  "কক্সবাজার": ["কক্সবাজার সদর", "টেকনাফ", "উখিয়া"],
  "চাঁদপুর": ["চাঁদপুর সদর", "হাইমচর", "শাহরাস্তি"],
  "ব্রাহ্মণবাড়ীয়া": ["ব্রাহ্মণবাড়ীয়া সদর", "নাসিরনগর", "কসবা"],
  "বগুড়া": ["বগুড়া সদর", "শিবগঞ্জ", "সোনাতলা"],
  "জয়পুরহাট": ["জয়পুরহাট সদর", "আড্ডা", "পুঁচকু"],
  "পঞ্চগড়": ["পঞ্চগড় সদর", "বালিয়াকান্দি", "আঠাই"],
  "ঠাকুরগাঁও": ["ঠাকুরগাঁও সদর", "রাণীশংকৈল", "বালিয়াকান্দি"],
  "দিনাজপুর": ["দিনাজপুর সদর", "খানসামা", "বিরামপুর"],
  "লালমনিরহাট": ["লালমনিরহাট সদর", "কালীগঞ্জ", "হাটহাজারী"],
  "গাইবান্ধা": ["গাইবান্ধা সদর", "সাগর", "সুন্দরগঞ্জ"],
  "বালিয়াকান্দি": ["বালিয়াকান্দি সদর", "রামপাশা"],
  "কুড়িগ্রাম": ["কুড়িগ্রাম সদর", "রৌমারী", "ভুরপুর"],
  "মহেশখালী": ["মহেশখালী সদর", "মহেশখালী পৌর"],
  "সুনামগঞ্জ": ["সুনামগঞ্জ সদর", "দোয়ারাবাজার", "সুড়াঙ্গা"],
  "হবিগঞ্জ": ["হবিগঞ্জ সদর", "মাধবপুর", "নবীগঞ্জ"],
  "ময়মনসিংহ": ["ময়মনসিংহ সদর", "ত্রিশাল", "হালুয়াঘাট"],
  "জামালপুর": ["জামালপুর সদর", "মেলানপুর", "মাদারগঞ্জ"],
  "নেত্রকোনা": ["নেত্রকোনা সদর", "কলমাকান্দা", "মদন"]
}
